Dia Semana,Data,Tem festa?,Concentração,Saída,Cidade,BLOCO / TROÇA,BLOCO/TROÇA - URL,LOCAL,LATITUDE,LONGITUDE,Orquestra
QUINTA,12/02,FALSE,18:00,20:00,Olinda,Elefante de Olinda,https://www.instagram.com/elefantedeolinda/,Largo do Guadalupe,-8.010065,-34.8558844,
QUINTA,12/02,FALSE,16:00,17:00,Recife,Afojubá Batuque,https://www.instagram.com/afojubarecife,Avenida Marquês de Olinda,-8.0635147,-34.8730271,
QUINTA,12/02,FALSE,16:00,17:00,Olinda,Garoto da Noite,,"Rua São Francisco, 26",-8.0164209,-34.8482814,
QUINTA,12/02,FALSE,19:00,20:00,Recife,Escuta Levino,https://www.instagram.com/escutalevino/,Praça Maciel Pinheiro,-8.0624733,-34.8854297,Maestro Lessa/Maestro Sid
QUINTA,12/02,FALSE,18:00,20:00,Recife,Me Mostra Teu Mapa Astral,https://www.instagram.com/tcmmapaastral/,Praça Maciel Pinheiro,-8.0624733,-34.8854297,
QUINTA,12/02,FALSE,20:00,21:00,Recife,Shortinho Torano,https://www.instagram.com/shortinhotorano,"Rua do Apolo, 174",-8.0612005,-34.8720317,Orquestra Império
SEXTA,13/02,FALSE,17:00,18:00,Olinda,Cortejo do Boneco do Maestro Óseas,https://www.instagram.com/oficial_orquestramaestrooseas,Bar do Ró,-8.0110592,-34.8567962,Maestro Oseas
SEXTA,13/02,FALSE,15:00,16:00,Olinda,O Fazendão,https://www.instagram.com/tcm_ofazendao,Secretaria da Fazenda de Olinda,-8.0213647,-34.8533107,
SEXTA,13/02,,15:00,15:00,Olinda,Deusas do Ébano,https://www.instagram.com/deusasdoebano.bloco/,Largo do Guadalupe,-8.010065,-34.8558844,
SEXTA,13/02,,16:20,17:00,Olinda,Me Rega Que Eu Brilho,https://www.instagram.com/meregaqueeubrilho,Quatro Cantos,-8.0158116,-34.8534393,Henrique Dias
SEXTA,13/02,FALSE,16:30,17:30,Olinda,Abduzidos,,Casa Nala,-8.00488,-34.8724289,
SEXTA,13/02,FALSE,17:00,18:00,Olinda,Caraca Moleque,https://www.instagram.com/tcmcaracamoleque2023,Centro Luiz Freire,-8.017712,-34.851754,
SEXTA,13/02,FALSE,17:00,19:30,Recife,"Segura o Tonho, Charlie Brow",https://www.instagram.com/seguraotonho,Rua da Moeda,-8.0645962,-34.872844,
SEXTA,13/02,FALSE,17:00,19:00,Recife,Nem Sempre Lily Toca Flauta,https://www.instagram.com/nemsempre_lily,Pátio Santa Cruz,-8.0621707,-34.8878913,Betto do Bandolim e Levino Ferreira
SEXTA,13/02,FALSE,19:00,19:00,Olinda,Mulher do Dia,https://www.instagram.com/mulherdodiaoficial/,Vassourinhas de Olinda - Largo do Amparo,-8.0112489,-34.8542192,Henrique Dias
SEXTA,13/02,FALSE,18:30,19:30,Olinda,Traquinos em Folia,https://www.instagram.com/traquinos_em_folia,Sede da Pitombeira,-8.0172269,-34.8516907,Maestro Oseas
SEXTA,13/02,FALSE,18:30,19:30,Recife,Buzina mas não freia,https://www.instagram.com/buzinamasnaofreia/,Coreto do Derby,-8.0561312,-34.8989994,
SEXTA,13/02,FALSE,18:00,20:00,Olinda,Sem Nome,https://www.instagram.com/tcmsemnome/,"Rua 27 de Janeiro, 197",-8.0178779,-34.8518484,Maestro Carlos
SEXTA,13/02,FALSE,19:00,20:00,Recife,Batuques de Pernambuco,https://www.instagram.com/batuquesdepernambuco,Rua da Moeda,-8.0645962,-34.872844,
SEXTA,13/02,FALSE,20:00,20:00,Recife,Batadoní,https://www.instagram.com/batadoni,Avenida Rio Branco,-8.0627441,-34.8725157,
SEXTA,13/02,FALSE,17:30,20:30,Olinda,Feitiço das Estrelas,,"Rua do Bonfim, 82",-8.0158817,-34.8495357,
SEXTA,13/02,FALSE,17:30,20:30,Olinda,Rapariga Véa,https://www.instagram.com/blocoraparigavea,Bar do Peneira,-8.0147773,-34.852849,
SEXTA,13/02,FALSE,20:00,21:00,Olinda,"Me Solta, Carai!",https://www.instagram.com/tcmmesoltacarai,Largo do Amparo,-8.0112489,-34.8542192,Orquestra do Babá
SEXTA,13/02,FALSE,19:00,21:00,Olinda,Du Nada a Gente Sai,https://www.instagram.com/dunadaagentesai,Largo do Amparo,-8.0112489,-34.8542192,Maestro Lessa/Maestro Sid
SEXTA,13/02,TRUE,17:00,22:00,Olinda,La Ursa do Bonfim,https://www.instagram.com/laursadobonfim/,Clube Cariri,-8.0089265,-34.8571461,Maestro Oséas
SEXTA,13/02,TRUE,18:30,22:00,Olinda,Frevo e Folia,https://www.instagram.com/tcmolindafrevoefolia/,Vassourinhas de Olinda - Largo do Amparo,-8.0112489,-34.8542192,Orquestra do Babá
SEXTA,13/02,TRUE,18:00,23:00,Olinda,O Lord de Olinda,https://www.instagram.com/olorddeolinda/,Largo do Guadalupe,-8.010065,-34.8558844,Henrique Dias
SÁBADO,14/02,FALSE,5:45,6:45,Recife,Pinto do galo da Madrugada,,Praça do Marco Zero,-8.0617353,-34.8732622,
SÁBADO,14/02,FALSE,7:00,8:00,Recife,Galinha d’Água,,Rio Capibaribe,-8.0691768,-34.8861703,
SÁBADO,14/02,FALSE,4:00,9:00,Recife,Galo da Madrugada,https://www.instagram.com/galodamadrugada/,Praça Sérgio Lôreto,-8.0726703,-34.8847578,
SÁBADO,14/02,FALSE,8:00,9:00,Olinda,Sibito Baleado,https://www.instagram.com/tcmsibitobaleado/,"Rua Coronel Joaquim Cavalcanti, 201",-8.0153677,-34.8546504,
SÁBADO,14/02,FALSE,8:00,9:00,Olinda,O Urso Cascudo do Amparo,https://www.instagram.com/oursocascudo,Largo do Guadalupe,-8.010065,-34.8558844,Orquestra do Mamão do Pandeiro
SÁBADO,14/02,FALSE,8:00,9:00,Olinda,Eu Acho é Pouco,https://www.instagram.com/euachoepouco/,Praça Laura Nigro,-8.0163046,-34.852692,
SÁBADO,14/02,FALSE,10:00,11:00,Olinda,Bloco Mangue Beat,https://www.instagram.com/blocomanguebeat.oficial/,Mosteiro São Bento,-8.0198269,-34.8521035,
SÁBADO,14/02,FALSE,8:00,9:00,Olinda,Bloco do Frei,https://www.instagram.com/blocodofrei,Cruzeiro do Convento de São Francisco,-8.0139883,-34.8480984,
SÁBADO,14/02,FALSE,8:00,9:00,Olinda,Maracatu Kangoma,https://www.instagram.com/maracatukangoma,"Rua do Amparo, 236",-8.0125662,-34.8532719,
SÁBADO,14/02,FALSE,8:00,9:00,Olinda,Tambores D'Saia,https://www.instagram.com/tamboresdsaia/,Praça de São Pedro,-8.0165433,-34.85097,
SÁBADO,14/02,FALSE,8:00,9:00,Olinda,Soul Delas,https://www.instagram.com/sambasouldelas/,Mosteiro São Bento,-8.0198269,-34.8521035,
SÁBADO,14/02,TRUE,8:00,9:30,Olinda,Trinca de Ás,https://www.instagram.com/trincadeas/,Ladeira da Prefeitura,-8.0184596,-34.8521666,Maestro Oseas
SÁBADO,14/02,FALSE,9:00,9:59,Recife,Patusquinho,https://www.instagram.com/bateriapatuscooficial,Pátio São Pedro,-8.0670234,-34.8789351,
SÁBADO,14/02,FALSE,9:00,10:00,Olinda,Urso Congelado,https://www.instagram.com/ursocongelado/,"Açaí do Carmo, 5",-8.0166281,-34.848165,
SÁBADO,14/02,FALSE,9:00,10:00,Olinda,Fábrica de Samba,https://www.instagram.com/fabricadesamba,Igreja de São Pedro,-8.0165433,-34.85097,
SÁBADO,14/02,FALSE,10:00,10:00,Olinda,Sombatuki,https://www.instagram.com/sombatuki,Largo do Amparo,-8.0112489,-34.8542192,
SÁBADO,14/02,FALSE,10:00,10:00,Olinda,Fique na Sombra,https://www.instagram.com/fiquenasombra/,"Rua da Boa Hora, 177",-8.0158493,-34.8546239,
SÁBADO,14/02,FALSE,9:00,10:00,Olinda,Batucada Atômica,https://www.instagram.com/batucadaatomica,Avenida 10 de Novembro,-8.0182945,-34.8515076,
SÁBADO,14/02,FALSE,9:00,10:00,Olinda,Tá Calor Nessa Roupa?,https://www.instagram.com/tamtacalor,Casbah,-8.0166682,-34.8508197,Maestro China
SÁBADO,14/02,FALSE,9:00,11:30,Olinda,Se me der eu como,https://www.instagram.com/semedereucomoblococarnavalesco?igsh=ZnpvaG5kbWZwN3o0,Rua do Bonfim 386,-8.0143576,-34.8518083,
SÁBADO,14/02,FALSE,10:00,12:00,Olinda,Tomamu no Papeiro,https://www.instagram.com/tomamunopapeiro,"Rua coronel Joaquim, 237",-8.0151141,-34.8572157,
SÁBADO,14/02,FALSE,10:00,12:00,Olinda,Pife Floyd,https://www.instagram.com/pifefloyd/,"Travessa de São Francisco, 206",-8.0148177,-34.8493284,
SÁBADO,14/02,FALSE,14:00,14:00,Olinda,O Pescador,,Caldinho do Dogão (Praça do Fortim),-8.0147997,-34.8455512,
SÁBADO,14/02,FALSE,14:00,15:00,Olinda,Afojubá Batuque,https://www.instagram.com/afojubarecife,Mosteiro São Bento,-8.0198269,-34.8521035,
SÁBADO,14/02,FALSE,13:00,14:00,Olinda,Donzelinhos dos Milagres,https://www.instagram.com/donzelinhos,Largo do Amparo,-8.0112489,-34.8542192,
SÁBADO,14/02,FALSE,13:00,14:00,Olinda,Moidicuento,https://www.instagram.com/moidicuento/,Praça Cel João Lapa ,-8.0186913,-34.8538912,
SÁBADO,14/02,FALSE,14:00,14:00,Olinda,Bumba Meu Bowie,https://www.instagram.com/blocobumbameubowie/,Praça do Jacaré,-8.0202577,-34.8504164,
SÁBADO,14/02,FALSE,14:00,14:00,Olinda,Maracadonna,https://www.instagram.com/maracadonna/,Praça do Jacaré,-8.0202577,-34.8504164,
SÁBADO,14/02,FALSE,10:00,14:00,Olinda,A Flor de Zíaco,https://www.instagram.com/aflordeziaco,"Estrada do Bonsucesso, 241",-8.0098186,-34.852325,Henrique Dias
SÁBADO,14/02,FALSE,13:30,14:30,Olinda,Ta Bom a Gente Freva,https://www.instagram.com/tabomagentefreva/,Mosteiro São Bento,-8.0198269,-34.8521035,Orquestra Backstage
SÁBADO,14/02,FALSE,14:00,14:50,Olinda,Chapadinhos na Praia,https://www.instagram.com/chapadinhosnapraiatcm,Alto da Sé,-8.0139781,-34.849701,
SÁBADO,14/02,TRUE,12:00,16:00,Olinda,Ceroula de Olinda,https://www.instagram.com/ceroula_oficial/,Colégio Sao Bento,-8.0198534,-34.8507894,Maestro Oséas
SÁBADO,14/02,FALSE,16:00,16:00,Olinda,Hoje a Mangueira Entra,https://www.instagram.com/hojeamangueiraentra/,"Rua Coronel Joaquim Cavalcanti, 487",-8.0130762,-34.8543868,
SÁBADO,14/02,FALSE,15:00,16:00,Recife,Cordas e Retalhos,,"Rua da Guia, 86",-8.062077,-34.8748768,Maestro Edson Rodrigues
SÁBADO,14/02,FALSE,15:00,15:00,Olinda,Sobrecú,https://www.instagram.com/bloco.sobrecu/,Beco do Bajado,-8.0134378,-34.8528525,Orquestra Frevo e Folia
SÁBADO,14/02,FALSE,16:00,17:00,Olinda,Menino da Tarde,https://www.instagram.com/meninodatarde/,Largo do Guadalupe,-8.010065,-34.8558844,Maestro Carlos
SÁBADO,14/02,TRUE,10:00,17:00,Olinda,Papudinhos do Bonsucesso,https://www.instagram.com/papudinhosdobonsucesso,Espaço Cultural Osvaldo Sérgio,-8.0164209,-34.8482814,Paranampuká
SÁBADO,14/02,FALSE,17:00,18:00,Olinda,Burra do Rosário,https://www.instagram.com/c.c.aburrado/,Guadalupe - Sede da Burra,-8.010065,-34.8558844,
SÁBADO,14/02,FALSE,18:00,19:00,Olinda,Afoxé Alafin Oyó,https://www.instagram.com/alafineusou,Largo do Guadalupe,-8.010065,-34.8558844,
SÁBADO,14/02,FALSE,18:00,19:00,Olinda,John Travolta,https://www.instagram.com/t.c.m.johntravolta/,Vassourinhas de Olinda - Largo do Amparo,-8.0112489,-34.8542192,
SÁBADO,14/02,FALSE,23:00,0:00,Olinda,Homem da Meia Noite,https://www.instagram.com/homemdameianoiteoficial/,Estrada do Bom Sucesso - Sede do Homem,-8.0107718,-34.8554117,
DOMINGO,15/02,FALSE,3:00,4:00,Olinda,Cariri,https://www.instagram.com/caririolindense/,Clube Cariri,-8.0089265,-34.8571461,
DOMINGO,15/02,FALSE,8:00,8:00,Olinda,Mucha Lucha,https://www.instagram.com/muchaluchaolinda/,Alto da Sé,-8.0139781,-34.849701,
DOMINGO,15/02,FALSE,9:00,9:00,Olinda,D'Breck,https://www.instagram.com/dbreckoriginal/,Largo do Bonfim,-8.0144344,-34.8514794,
DOMINGO,15/02,FALSE,8:00,9:00,Olinda,A Rede,https://www.instagram.com/arede.rede/,Largo do Guadalupe,-8.010065,-34.8558844,
DOMINGO,15/02,FALSE,8:00,9:00,Olinda,Birita de Olinda,https://www.instagram.com/tcmbiritadeolinda,Rua do Amparo 110,-8.0135758,-34.8528126,Maestro Célio
DOMINGO,15/02,FALSE,8:00,9:00,Olinda,Batuques de Pernambuco,https://www.instagram.com/batuquesdepernambuco,Praça do Carmo,-8.0171526,-34.84886,
DOMINGO,15/02,FALSE,9:00,9:59,Olinda,Patusco,https://www.instagram.com/bateriapatuscooficial/,"Rua do Amparo, 292",-8.0121218,-34.8535634,
DOMINGO,15/02,FALSE,8:00,10:00,Olinda,Filhas de Betha,https://www.instagram.com/filhasdebetha,Largo do Amparo,-8.0112489,-34.8542192,Paranampuká
DOMINGO,15/02,FALSE,9:00,10:00,Olinda,Sambadeiras,https://www.instagram.com/sambadeiras/,Ladeira da Misericordia,-8.0139579,-34.8525025,
DOMINGO,15/02,FALSE,9:00,10:00,Olinda,Enquanto Isso Na Sala da Justiça,https://www.instagram.com/saladajustica/,Alto da Sé,-8.0139781,-34.849701,
DOMINGO,15/02,FALSE,9:00,10:00,Olinda,Congobloco,https://www.instagram.com/congoblocobatebumoficial/,Sede do Macaratu Nação Pernambuco,-8.0164979,-34.8502895,
DOMINGO,15/02,FALSE,9:00,10:00,Olinda,Mulher do Dia,https://www.instagram.com/mulherdodiaoficial/,Casa PE no Carnaval,-8.0176491,-34.852134,Henrique Dias
DOMINGO,15/02,FALSE,10:00,10:00,Olinda,Sombatuki,https://www.instagram.com/sombatuki,Rua do Bonfim,-8.0155687,-34.84995,
DOMINGO,15/02,FALSE,10:00,11:00,Olinda,Bloco Tira Lama,https://www.instagram.com/blocotiralama,Mosteiro São Bento,-8.0198269,-34.8521035,
DOMINGO,15/02,FALSE,10:00,11:00,Olinda,Batadoní,https://www.instagram.com/batadoni,Mosteiro São Bento,-8.0198269,-34.8521035,
DOMINGO,15/02,FALSE,9:30,10:30,Olinda,Rebylleurias,https://www.instagram.com/rebylleurias/,"Rua do Bonfim, 449",-8.0142434,-34.8523588,Henrique Dias
DOMINGO,15/02,FALSE,10:00,11:00,Olinda,Cachorro do Farol,https://www.instagram.com/ocachorrodofarol,Praça do Amaro Branco,-8.0099423,-34.8465502,
DOMINGO,15/02,FALSE,11:00,12:00,Olinda,Dez de Xarque e Uma Latinha,https://www.instagram.com/dezdexarque,Largo do Amparo,-8.0112489,-34.8542192,Maestro Lessa/Maestro Sid
DOMINGO,15/02,FALSE,11:00,14:00,Olinda,Umuarama,https://www.instagram.com/trocaumuarama/,"Rua Epitácio Pessoa Sobrinho, 91",-8.0207865,-34.8551252,Henrique Dias
DOMINGO,15/02,TRUE,10:00,14:00,Olinda,Me Adota,https://www.instagram.com/meadotaolinda,Praça do Carmo,-8.0171526,-34.84886,
DOMINGO,15/02,FALSE,13:00,14:00,Olinda,Marim dos Caetés,https://www.instagram.com/frevomarim,Largo do Guadalupe,-8.010065,-34.8558844,
DOMINGO,15/02,FALSE,12:00,15:00,Olinda,Fogo na Bacurinha,https://www.instagram.com/casabacurau,Mercado da Ribeira,-8.0157372,-34.8527205,Orquestra do Babá
DOMINGO,15/02,FALSE,15:30,15:30,Olinda,Grheia,https://www.instagram.com/grheiape,Alto da Sé,-8.0139781,-34.849701,
DOMINGO,15/02,TRUE,11:00,15:30,Olinda,Bloco do Cimento,https://www.instagram.com/blocodocimento,Vassourinhas de Olinda - Largo do Amparo,-8.0112489,-34.8542192,Maestro Oseas
DOMINGO,15/02,TRUE,15:00,16:00,Olinda,Vassourinhas,https://www.instagram.com/vassourinhasdeolindaoficial,Largo do Guadalupe,-8.010065,-34.8558844,
DOMINGO,15/02,FALSE,10:00,16:00,Olinda,Vem Pra Sombra,https://www.instagram.com/vemprasombra_olinda,"Estrada do Bonsucesso, 510",-8.0083534,-34.8498054,Henrique Dias
DOMINGO,15/02,FALSE,15:00,16:00,Recife,Caranguejo no Caçuá,https://www.instagram.com/caranguejonocacua,Rua da Moeda,-8.0645962,-34.872844,Maestro Lessa/Maestro Sid
DOMINGO,15/02,FALSE,17:00,19:00,Olinda,Elefante de Olinda,https://www.instagram.com/elefantedeolinda,Largo do Bonsucesso - Sede do Homem,-8.0107718,-34.8554117,
SEGUNDA,16/02,FALSE,8:00,9:00,Olinda,Apoteose dos Bonecos Gigantes,https://www.instagram.com/bonecosgigantesdeolinda,Alto da Sé,-8.0139781,-34.849701,
SEGUNDA,16/02,FALSE,8:00,9:00,Olinda,Minha Cobra,https://www.instagram.com/minhacobra,Largo do Bonsucesso,-7.9953983,-34.8977903,Henrique Dias
SEGUNDA,16/02,FALSE,8:00,9:00,Olinda,Soul Delas,https://www.instagram.com/sambasouldelas/,Mosteiro São Bento,-8.0198269,-34.8521035,
SEGUNDA,16/02,FALSE,8:00,9:00,Olinda,Tambores D'Saia,https://www.instagram.com/tamboresdsaia/,Praça de São Pedro,-8.0165433,-34.85097,
SEGUNDA,16/02,FALSE,8:00,9:00,Olinda,Eu Acho é Pouquinho,,Praça Laura Nigro,-8.0163046,-34.852692,
SEGUNDA,16/02,FALSE,8:30,9:30,Olinda,Birita de Olinda,https://www.instagram.com/tcmbiritadeolinda,"Rua do Amparo, 110",-8.0135758,-34.8528126,Maestro Célio
SEGUNDA,16/02,FALSE,10:00,10:00,Olinda,Pitombeira dos Quatro Cantos,https://www.instagram.com/turmadapitombeira/,Sede da Pitombeira,-8.0172269,-34.8516907,Maestro Carlos e Paranampuká
SEGUNDA,16/02,FALSE,9:00,10:00,Olinda,Fábrica de Samba,https://www.instagram.com/fabricadesamba,Igreja de São Pedro,-8.0165433,-34.85097,
SEGUNDA,16/02,FALSE,9:00,10:30,Olinda,México Peru,https://www.instagram.com/mexicoperuoficial,Ladeira da Misericórdia,-8.0138361,-34.8524354,
SEGUNDA,16/02,FALSE,10:00,10:30,Olinda,Comigo é Assim,https://www.instagram.com/comigoeassim,Alto da Sé,-8.0139781,-34.849701,Maestro Oséas
SEGUNDA,16/02,FALSE,10:00,11:30,Olinda,Minhocão de Olinda,https://www.instagram.com/blocominhocaodeolinda,Atrás da Igreja de São Pedro,-8.0166884,-34.8511568,Henrique Dias
SEGUNDA,16/02,FALSE,11:00,12:00,Olinda,Ta'Qui Pr'Ocês,https://www.instagram.com/tcmtaquiproces,"Rua Nelson Guedes da Silva, 142 (Beco do Lixo)",-8.0149622,-34.8567355,Orquestra do Babá
SEGUNDA,16/02,FALSE,11:00,12:00,Olinda,A Sopa do Monte,https://www.instagram.com/tcmasopa,"Estrada do Bonsucesso, 510",-8.0083534,-34.8498054,
SEGUNDA,16/02,FALSE,10:30,12:00,Olinda,Se Eu Flopar Me Beija,https://www.instagram.com/seeufloparmebeija,Praça Cel João Lapa ,-8.0186913,-34.8538912,Henrique Dias
SEGUNDA,16/02,FALSE,13:00,13:00,Olinda,O Cara,https://www.instagram.com/tcmocara,Clube Cariri,-8.0089265,-34.8571461,
SEGUNDA,16/02,FALSE,13:00,13:00,Olinda,O Franciscão,https://www.instagram.com/franciscao_olinda,Sede da JOGO,-8.0086241,-34.8568037,
SEGUNDA,16/02,FALSE,11:30,13:30,Olinda,Mulher na Vara,https://www.instagram.com/mulhernavara_/,Casa de Dona Dá,-8.0141282,-34.8723476,Maestro Oséas
SEGUNDA,16/02,FALSE,13:00,14:00,Olinda,Pré-Sal,https://www.instagram.com/blocopresal,"Rua Joaquim Cavalcanti, 511",-8.0128193,-34.8542806,
SEGUNDA,16/02,FALSE,13:00,14:00,Recife,Amantes de Glória,https://www.instagram.com/amantesdegloriarecife/,Rua da Guia,-8.0613115,-34.8742648,
SEGUNDA,16/02,FALSE,15:30,15:30,Olinda,Grheia,https://www.instagram.com/ghreiape,Alto da Sé,-8.0139781,-34.849701,
SEGUNDA,16/02,FALSE,15:00,16:20,Olinda,Vaca Profana,https://www.instagram.com/vacaprofanaoficial/,Fortin do Queijo,-8.0157936,-34.8489332,
SEGUNDA,16/02,FALSE,15:00,16:00,Recife,Bloco da Saudade,https://www.instagram.com/blocodasaudade/,Praça Maciel Pinheiro,-8.0622754,-34.888223,Orquestra Bloco da Saudade
SEGUNDA,16/02,FALSE,15:00,16:00,Olinda,Bloco da Ema,https://www.instagram.com/aemagemeu,Praça Cel João Lapa ,-8.0186913,-34.8538912,
SEGUNDA,16/02,FALSE,15:00,16:00,Olinda,Fígado de Aço,https://www.instagram.com/figado_de_aco,"Rua do Bonfim, 109",-8.0158108,-34.8498046,
SEGUNDA,16/02,FALSE,15:00,16:00,Olinda,Batucada Atômica,https://www.instagram.com/batucadaatomica?igsh=NGwxNXVjNHYxMGti,Praça do Carmo - Focca,-8.0171526,-34.84886,
SEGUNDA,16/02,FALSE,15:00,16:00,Olinda,Maracatu Nação Pernambuco,https://www.instagram.com/nacaopernambuco,Casarão Nação Pernambuco,-8.0165178,-34.8494068,
SEGUNDA,16/02,FALSE,15:00,16:00,Recife,Segunda tem palhaço,https://www.instagram.com/segundatempalhaco/,Rua da Moeda,-8.0645962,-34.872844,
SEGUNDA,16/02,FALSE,16:00,16:00,Recife,Cordas e Retalhos,https://www.instagram.com/cordaseretalhos,Praça Joaquim Nabuco,-8.0646115,-34.8810778,Maestro Edson Rodrigues
SEGUNDA,16/02,FALSE,15:30,16:00,Olinda,Eu Gosto Assim,https://www.instagram.com/tcmbeugostoassim,Rua Dez de Novembro,-8.0187699,-34.85049,Orquestra Backstage
SEGUNDA,16/02,FALSE,13:00,17:00,Recife,Bloco do Nada,https://www.instagram.com/blocodonada.recife,Rua Rosário da Boa Vista,-8.0614186,-34.8871121,Orquestra Botelho Frevo e Folia
SEGUNDA,16/02,FALSE,14:30,17:00,Olinda,Garoto de Vassoura,https://www.instagram.com/garotodevassoura,"Rua Antonio Luciano de Oliveira, 239",-8.0103326,-34.8562014,Maestro Oséas
SEGUNDA,16/02,TRUE,11:00,17:00,Olinda,Metido a Rico Porém Liso,https://www.instagram.com/metidoarico,Espaço Cultural Osvaldo Sérgio,-8.0164209,-34.8482814,
SEGUNDA,16/02,FALSE,18:00,19:30,Olinda,O Rodo,https://www.instagram.com/t.a.c.orodo/,Casa de Dona Dá,-8.0141282,-34.8723476,Orquestra de Ninho
SEGUNDA,16/02,FALSE,19:00,20:00,Recife,Noite dos tambores silenciosos,,Pátio do Terço,-8.069073,-34.8830209,
SEGUNDA,16/02,FALSE,19:00,20:00,Olinda,Boi da Macuca,https://www.instagram.com/boidamacuca,Vassourinhas de Olinda - Largo do Amparo,-8.0112489,-34.8542192,
TERÇA,17/02,FALSE,7:00,7:00,Olinda,A Corda,https://www.instagram.com/acorda.olinda,Ladeira da Misericordia,-8.0139579,-34.8525025,
TERÇA,17/02,FALSE,7:00,8:00,Olinda,A Porca,https://www.instagram.com/porcadeolinda,Rua da Palha,-7.9920193,-34.8422368,Orquestra do Babá
TERÇA,17/03,FALSE,8:00,9:00,Olinda,Pernambucar-te,https://www.instagram.com/pernambucarte/,Praça do Carmo,-8.0171526,-34.84886,
TERÇA,17/02,FALSE,9:00,9:00,Olinda,D'Breck,https://www.instagram.com/dbreckoriginal/,Largo do Bonfim,-8.0144344,-34.8514794,
TERÇA,17/02,FALSE,8:00,9:00,Olinda,Maracatu Kangoma,https://www.instagram.com/maracatukangoma,"Rua do Amparo, 236",-8.0125662,-34.8532719,
TERÇA,17/02,FALSE,8:00,9:00,Olinda,Batadoní,https://www.instagram.com/batadoni,Praça do Carmo,-8.0171526,-34.84886,
TERÇA,17/02,FALSE,8:00,9:00,Olinda,Batuques de Pernambuco,https://www.instagram.com/batuquesdepernambuco,Praça do Carmo,-8.0171526,-34.84886,
TERÇA,17/02,FALSE,9:00,9:59,Olinda,Patusco,https://www.instagram.com/bateriapatuscooficial/,"Rua do Amparo, 292",-8.0121218,-34.8535634,
TERÇA,17/02,FALSE,10:00,10:00,Olinda,Pitombeira dos Quatro Cantos,https://www.instagram.com/turmadapitombeira/,Largo do Amparo,-8.0114742,-34.8539587,Maestro Carlos e Paranampuká
TERÇA,17/02,FALSE,9:00,10:00,Olinda,Sambadeiras,https://www.instagram.com/sambadeiras/,Ladeira da Misericordia,-8.0139579,-34.8525025,
TERÇA,17/02,FALSE,9:30,10:30,Olinda,Rebylleurias,https://www.instagram.com/rebylleurias/,"Rua do Bonfim, 449",-8.0142434,-34.8523588,Henrique Dias
TERÇA,17/02,FALSE,10:00,11:00,Olinda,Encontro dos Bonecos Gigantes,https://www.instagram.com/encontrodosbonecosgigantes,Largo do Guadalupe,-8.010065,-34.8558844,
TERÇA,17/02,FALSE,11:00,12:00,Olinda,Os Abutres,https://www.instagram.com/abutresdeolindaoficial,Rua 15 de Novembro,-8.0191641,-34.8534006,Orquestra Santa Cecília
TERÇA,17/02,FALSE,11:00,12:00,Olinda,Zebra das Olindas,https://www.instagram.com/blocozebradasolindas,Rua Maria Adalgisa Ferreira de Castro,-8.0215976,-34.8545363,Orquestra do Babá
TERÇA,17/02,FALSE,11:00,13:00,Olinda,Quem Cola Entra,https://www.instagram.com/tcquemcolaentra,"Rua Henrique Dias, 130",-8.0175264,-34.8535029,Henrique Dias
TERÇA,17/02,TRUE,12:00,14:30,Olinda,Segurucu,https://www.instagram.com/blocosegurucu,Bar Esquina do Carmo,-8.016757,-34.8477808,Maestro Carlos
TERÇA,17/02,TRUE,10:00,15:00,Olinda,Caranguejo Papamé,https://www.instagram.com/caranguejopapame,"Rua Jerônimo de Albuquerque, 112",-8.015553,-34.856211,Maestro Lessa/Maestro Sid
TERÇA,17/02,TRUE,12:00,16:00,Recife,Bloco da Saudade,https://www.instagram.com/blocodasaudade/,Praça Maciel Pinheiro,-8.0622754,-34.888223,Orquestra Bloco da Saudade
TERÇA,17/02,TRUE,12:00,16:00,Olinda,Ceroula de Olinda,https://www.instagram.com/ceroula_oficial,Colégio Sao Bento,-8.0194115,-34.852169,Maestro Oséas
TERÇA,17/02,FALSE,15:00,16:00,Olinda,Rainha,https://www.instagram.com/tcmrainha.olinda,"Rua Coronel Joaquim Cavalcante , 298",-8.0147484,-34.8543715,Frevor do Pina
TERÇA,17/02,FALSE,15:00,16:00,Recife,Quero ver quem vai,https://www.instagram.com/queroverquemvai/,Praça do Arsenal,-8.0610361,-34.871297,Henrique Dias
TERÇA,17/02,FALSE,16:00,17:00,Recife,Maracatu Nação Pernambuco,https://www.instagram.com/nacaopernambuco,Praça do Arsenal,-8.0610361,-34.871297,
TERÇA,17/02,FALSE,16:00,17:00,Olinda,Eu Acho é Pouco,https://www.instagram.com/euachoepouco/,A definir,-7.9920193,-34.8422368,
TERÇA,17/02,FALSE,16:00,17:00,Recife,Afojubá Batuque,https://www.instagram.com/afojubarecife,Avenida Marquês de Olinda,-8.0635147,-34.8730271,
TERÇA,17/02,FALSE,17:00,19:30,Olinda,Lenhadores Olindense,https://www.instagram.com/ccm_lenhadores,Largo do Guadalupe,-8.010065,-34.8558844,
TERÇA,17/02,FALSE,1900,20:00,Recife,Congobloco,https://www.instagram.com/congoblocobatebumoficial/,Rua da Guia,-8.0613115,-34.8716899,
QUARTA,18/02,FALSE,8:00,8:00,Olinda,Bacalhau do Batata,https://www.instagram.com/bacalhaudobatataoficial,Alto da Sé,-8.0139781,-34.849701,
QUARTA,18/02,FALSE,10:00,10:00,Olinda,Isso Nú Hein?,https://www.instagram.com/issonuhein,Bar do Ró,-8.0110592,-34.8567962,
QUARTA,18/02,FALSE,10:00,11:00,Olinda,Bloco do Barão,https://www.instagram.com/barao_de_olinda/,Rua da Boa Hora,-8.0166597,-34.8567609,
QUARTA,18/02,FALSE,12:00,12:00,Olinda,Bloco do Reggae,https://www.instagram.com/blocodoreggae,A definir,-7.9920193,-34.8422368,
QUARTA,18/02,FALSE,13:00,14:00,Olinda,Coveirinhos na Folia,,Cemitério de Guadalupe,-8.0061995,-34.8557235,
QUARTA,18/02,FALSE,16:00,18:00,Olinda,Boi da Macuca,https://www.instagram.com/boidamacuca,Largo do Guadalupe,-8.010065,-34.8558844,
QUARTA,18/02,FALSE,17:00,18:00,Olinda,Bloco do Case,https://www.instagram.com/blocodocaseoficial,Atrás da Igreja de São Pedro,-8.0166884,-34.8511568,
QUARTA,18/02,FALSE,18:00,19:00,Olinda,Encontro de Bois,,Rua da Boa Hora,-8.0166597,-34.8567609,
QUARTA,18/02,FALSE,20:00,20:00,Olinda,Cortejo dos Afoxés,,Largo do Guadalupe,-8.010065,-34.8558844,
QUARTA,18/02,FALSE,23:00,23:59,Olinda,Segura a Coisa,https://www.instagram.com/seguraacoisa,Praça do Fortim,-8.014772,-34.8454722,